{"cameraMode":{"drawMode":0,"name":"Shaded","section":"Shading Mode"},"sceneLighting":false,"audioPlay":false,"sceneViewState":{"showFog":true,"showMaterialUpdate":false,"showSkybox":false,"showFlares":true,"showImageEffects":true,"showParticleSystems":true},"in2DMode":false,"pivot":{"x":48.81037139892578,"y":-5.5016961097717289,"z":29.699026107788087},"rotation":{"x":0.2773493826389313,"y":-0.5469709634780884,"z":0.19842137396335603,"w":0.7645456194877625},"size":1.5984083414077759,"orthographic":false}