{"cameraMode":{"drawMode":0,"name":"Shaded","section":"Shading Mode"},"sceneLighting":false,"audioPlay":false,"sceneViewState":{"showFog":true,"showMaterialUpdate":false,"showSkybox":false,"showFlares":true,"showImageEffects":true,"showParticleSystems":true},"in2DMode":false,"pivot":{"x":96.78351593017578,"y":6.26155948638916,"z":6.999041557312012},"rotation":{"x":-0.1329278200864792,"y":0.22159910202026368,"z":-0.030507370829582216,"w":-0.9655555486679077},"size":14.823265075683594,"orthographic":false}