{"cameraMode":{"drawMode":0,"name":"Shaded","section":"Shading Mode"},"sceneLighting":false,"audioPlay":false,"sceneViewState":{"showFog":true,"showMaterialUpdate":false,"showSkybox":false,"showFlares":true,"showImageEffects":true,"showParticleSystems":true},"in2DMode":false,"pivot":{"x":91.55423736572266,"y":16.892236709594728,"z":2.403432846069336},"rotation":{"x":-0.07540705054998398,"y":0.8939046859741211,"z":-0.16433535516262055,"w":-0.4101787507534027},"size":12.056811332702637,"orthographic":false}