{"cameraMode":{"drawMode":0,"name":"Shaded","section":"Shading Mode"},"sceneLighting":true,"audioPlay":false,"sceneViewState":{"showFog":true,"showMaterialUpdate":false,"showSkybox":true,"showFlares":true,"showImageEffects":true,"showParticleSystems":true},"in2DMode":false,"pivot":{"x":11.564107894897461,"y":-12.997724533081055,"z":42.060115814208987},"rotation":{"x":0.1134355440735817,"y":-0.643688440322876,"z":0.09728413075208664,"w":0.7505563497543335},"size":117.85386657714844,"orthographic":false}