{"cameraMode":{"drawMode":0,"name":"Shaded","section":"Shading Mode"},"sceneLighting":false,"audioPlay":false,"sceneViewState":{"showFog":true,"showMaterialUpdate":false,"showSkybox":false,"showFlares":true,"showImageEffects":true,"showParticleSystems":true},"in2DMode":false,"pivot":{"x":50.38999938964844,"y":-3.7699999809265138,"z":52.0},"rotation":{"x":0.12710614502429963,"y":-0.7721744775772095,"z":0.16337467730045319,"w":0.6007680296897888},"size":1.4289418458938599,"orthographic":false}