{"cameraMode":{"drawMode":0,"name":"Shaded","section":"Shading Mode"},"sceneLighting":false,"audioPlay":false,"sceneViewState":{"showFog":true,"showMaterialUpdate":false,"showSkybox":false,"showFlares":true,"showImageEffects":true,"showParticleSystems":true},"in2DMode":false,"pivot":{"x":14.682563781738282,"y":0.9768319129943848,"z":36.732303619384769},"rotation":{"x":-0.07525458931922913,"y":0.9022762179374695,"z":-0.17568759620189668,"w":-0.38648414611816409},"size":8.600300788879395,"orthographic":false}