{"cameraMode":{"drawMode":0,"name":"Shaded","section":"Shading Mode"},"sceneLighting":true,"audioPlay":false,"sceneViewState":{"showFog":true,"showMaterialUpdate":false,"showSkybox":true,"showFlares":true,"showImageEffects":true,"showParticleSystems":true},"in2DMode":false,"pivot":{"x":23.464616775512697,"y":8.075809478759766,"z":16.784618377685548},"rotation":{"x":0.1281113475561142,"y":-0.5353222489356995,"z":0.08254953473806381,"w":0.8307851552963257},"size":92.26868438720703,"orthographic":true}