{"cameraMode":{"drawMode":0,"name":"Shaded","section":"Shading Mode"},"sceneLighting":true,"audioPlay":false,"sceneViewState":{"showFog":true,"showMaterialUpdate":false,"showSkybox":true,"showFlares":true,"showImageEffects":true,"showParticleSystems":true},"in2DMode":false,"pivot":{"x":26.329999923706056,"y":2.8349499702453615,"z":29.010000228881837},"rotation":{"x":-0.06629124283790589,"y":0.9000016450881958,"z":-0.1473757028579712,"w":-0.40483424067497256},"size":42.6379508972168,"orthographic":false}