{"cameraMode":{"drawMode":0,"name":"Shaded","section":"Shading Mode"},"sceneLighting":false,"audioPlay":false,"sceneViewState":{"showFog":true,"showMaterialUpdate":false,"showSkybox":false,"showFlares":true,"showImageEffects":true,"showParticleSystems":true},"in2DMode":false,"pivot":{"x":28.186443328857423,"y":5.861532211303711,"z":15.247432708740235},"rotation":{"x":0.04527473449707031,"y":-0.3307476043701172,"z":0.015888098627328874,"w":0.9424989819526672},"size":12.348870277404786,"orthographic":true}