{"cameraMode":{"drawMode":0,"name":"Shaded","section":"Shading Mode"},"sceneLighting":false,"audioPlay":false,"sceneViewState":{"showFog":true,"showMaterialUpdate":false,"showSkybox":false,"showFlares":true,"showImageEffects":true,"showParticleSystems":true},"in2DMode":false,"pivot":{"x":26.978652954101564,"y":5.422638416290283,"z":15.04547119140625},"rotation":{"x":0.10167336463928223,"y":-0.5066925287246704,"z":0.060325734317302707,"w":0.8539827466011047},"size":8.980582237243653,"orthographic":true}