{"cameraMode":{"drawMode":0,"name":"Shaded","section":"Shading Mode"},"sceneLighting":false,"audioPlay":false,"sceneViewState":{"showFog":true,"showMaterialUpdate":false,"showSkybox":false,"showFlares":true,"showImageEffects":true,"showParticleSystems":true},"in2DMode":false,"pivot":{"x":20.44140625,"y":6.058138847351074,"z":23.69287872314453},"rotation":{"x":0.021273208782076837,"y":-0.32537949085235598,"z":0.0073222750797867779,"w":0.9453160166740418},"size":8.000663757324219,"orthographic":true}