{"cameraMode":{"drawMode":0,"name":"Shaded","section":"Shading Mode"},"sceneLighting":false,"audioPlay":false,"sceneViewState":{"showFog":true,"showMaterialUpdate":false,"showSkybox":false,"showFlares":true,"showImageEffects":true,"showParticleSystems":true},"in2DMode":false,"pivot":{"x":50.38999938964844,"y":-3.7699999809265138,"z":52.0},"rotation":{"x":-0.2172350287437439,"y":0.3894648253917694,"z":-0.09508392214775086,"w":-0.8900099396705627},"size":3.7578837871551515,"orthographic":false}