{"cameraMode":{"drawMode":0,"name":"Shaded","section":"Shading Mode"},"sceneLighting":false,"audioPlay":false,"sceneViewState":{"showFog":true,"showMaterialUpdate":false,"showSkybox":false,"showFlares":true,"showImageEffects":true,"showParticleSystems":true},"in2DMode":false,"pivot":{"x":26.64696502685547,"y":5.596336364746094,"z":13.095218658447266},"rotation":{"x":-0.14185963571071626,"y":0.4576570987701416,"z":-0.07423265278339386,"w":-0.8745968341827393},"size":8.370354652404786,"orthographic":true}