{"cameraMode":{"drawMode":0,"name":"Shaded","section":"Shading Mode"},"sceneLighting":true,"audioPlay":false,"sceneViewState":{"showFog":true,"showMaterialUpdate":false,"showSkybox":true,"showFlares":true,"showImageEffects":true,"showParticleSystems":true},"in2DMode":false,"pivot":{"x":20.189910888671876,"y":-12.739309310913086,"z":32.481895446777347},"rotation":{"x":-0.16223402321338654,"y":0.6791870594024658,"z":-0.1578167974948883,"w":-0.6981987357139587},"size":54.045654296875,"orthographic":false}