{"cameraMode":{"drawMode":0,"name":"Shaded","section":"Shading Mode"},"sceneLighting":true,"audioPlay":false,"sceneViewState":{"showFog":true,"showMaterialUpdate":false,"showSkybox":true,"showFlares":true,"showImageEffects":true,"showParticleSystems":true},"in2DMode":false,"pivot":{"x":-2.8126440048217775,"y":-3.1743409633636476,"z":27.86186981201172},"rotation":{"x":-0.0823499858379364,"y":0.7631036639213562,"z":-0.09923038631677628,"w":-0.6332890391349793},"size":88.54782104492188,"orthographic":false}