{"cameraMode":{"drawMode":0,"name":"Shaded","section":"Shading Mode"},"sceneLighting":false,"audioPlay":false,"sceneViewState":{"showFog":true,"showMaterialUpdate":false,"showSkybox":false,"showFlares":true,"showImageEffects":true,"showParticleSystems":true},"in2DMode":false,"pivot":{"x":45.85533905029297,"y":6.674826145172119,"z":-7.557294845581055},"rotation":{"x":0.04325433447957039,"y":-0.6837159991264343,"z":0.04066060110926628,"w":0.72733074426651},"size":8.954594612121582,"orthographic":false}