{"cameraMode":{"drawMode":0,"name":"Shaded","section":"Shading Mode"},"sceneLighting":false,"audioPlay":false,"sceneViewState":{"showFog":true,"showMaterialUpdate":false,"showSkybox":false,"showFlares":true,"showImageEffects":true,"showParticleSystems":true},"in2DMode":false,"pivot":{"x":17.5743408203125,"y":5.824113368988037,"z":19.203508377075197},"rotation":{"x":-0.06166427209973335,"y":0.5665029287338257,"z":-0.04256778582930565,"w":-0.8206473588943481},"size":4.615546226501465,"orthographic":true}