{"cameraMode":{"drawMode":0,"name":"Shaded","section":"Shading Mode"},"sceneLighting":false,"audioPlay":false,"sceneViewState":{"showFog":true,"showMaterialUpdate":false,"showSkybox":false,"showFlares":true,"showImageEffects":true,"showParticleSystems":true},"in2DMode":false,"pivot":{"x":26.978652954101564,"y":5.422637939453125,"z":15.04547119140625},"rotation":{"x":0.02309263125061989,"y":-0.5178018808364868,"z":0.013984054327011109,"w":0.8550747632980347},"size":9.172479629516602,"orthographic":true}