{"cameraMode":{"drawMode":0,"name":"Shaded","section":"Shading Mode"},"sceneLighting":false,"audioPlay":false,"sceneViewState":{"showFog":true,"showMaterialUpdate":false,"showSkybox":false,"showFlares":true,"showImageEffects":true,"showParticleSystems":true},"in2DMode":false,"pivot":{"x":91.82880401611328,"y":17.31679916381836,"z":2.957266330718994},"rotation":{"x":0.13481071591377259,"y":-0.5277246832847595,"z":0.08527287095785141,"w":0.8343043327331543},"size":7.820339202880859,"orthographic":true}