{"cameraMode":{"drawMode":0,"name":"Shaded","section":"Shading Mode"},"sceneLighting":false,"audioPlay":false,"sceneViewState":{"showFog":true,"showMaterialUpdate":false,"showSkybox":false,"showFlares":true,"showImageEffects":true,"showParticleSystems":true},"in2DMode":false,"pivot":{"x":81.57339477539063,"y":15.599172592163086,"z":0.6080284118652344},"rotation":{"x":0.014180806465446949,"y":-0.9250553846359253,"z":0.03470585122704506,"w":0.377977579832077},"size":7.860376358032227,"orthographic":true}