{"cameraMode":{"drawMode":0,"name":"Shaded","section":"Shading Mode"},"sceneLighting":false,"audioPlay":false,"sceneViewState":{"showFog":true,"showMaterialUpdate":false,"showSkybox":false,"showFlares":true,"showImageEffects":true,"showParticleSystems":true},"in2DMode":false,"pivot":{"x":25.90207290649414,"y":4.544851303100586,"z":14.045171737670899},"rotation":{"x":0.04930807650089264,"y":-0.6737369894981384,"z":0.04514037072658539,"w":0.7359414100646973},"size":11.168777465820313,"orthographic":true}