{"cameraMode":{"drawMode":0,"name":"Shaded","section":"Shading Mode"},"sceneLighting":false,"audioPlay":false,"sceneViewState":{"showFog":true,"showMaterialUpdate":false,"showSkybox":false,"showFlares":true,"showImageEffects":true,"showParticleSystems":true},"in2DMode":false,"pivot":{"x":26.978652954101564,"y":5.422638416290283,"z":15.045469284057618},"rotation":{"x":-0.05161483585834503,"y":0.6614057421684265,"z":-0.04570956155657768,"w":-0.7468536496162415},"size":8.980582237243653,"orthographic":true}