{"cameraMode":{"drawMode":0,"name":"Shaded","section":"Shading Mode"},"sceneLighting":true,"audioPlay":false,"sceneViewState":{"showFog":true,"showMaterialUpdate":false,"showSkybox":true,"showFlares":true,"showImageEffects":true,"showParticleSystems":true},"in2DMode":false,"pivot":{"x":13.526041984558106,"y":-14.1820068359375,"z":65.1243667602539},"rotation":{"x":-0.19308236241340638,"y":0.19486846029758454,"z":-0.039159927517175677,"w":-0.9608448147773743},"size":86.1827163696289,"orthographic":false}