{"cameraMode":{"drawMode":0,"name":"Shaded","section":"Shading Mode"},"sceneLighting":false,"audioPlay":false,"sceneViewState":{"showFog":true,"showMaterialUpdate":false,"showSkybox":false,"showFlares":true,"showImageEffects":true,"showParticleSystems":true},"in2DMode":false,"pivot":{"x":28.186443328857423,"y":5.861532211303711,"z":15.247432708740235},"rotation":{"x":0.009752381592988968,"y":-0.6913909316062927,"z":0.009334351867437363,"w":0.722354531288147},"size":12.348870277404786,"orthographic":true}